{
    "256": {
        "time_taken": 195.0218314079998,
        "avg_time_taken": 0.01950218314079998,
        "total_prompt_tok": 385369,
        "total_output_tok": 2554679
    },
    "1024": {
        "time_taken": 882.4001357090001,
        "avg_time_taken": 0.08824001357090001,
        "total_prompt_tok": 385369,
        "total_output_tok": 9768083
    }
}