{
    "16": {
    	"time_taken": 21.7902713899881,
	"avg_time_taken": 0.0021790271398998812,
	"total_prmopt_tok": 385369,
	"total_output_tok": 160000
    },
    "64": {
        "time_taken": 54.614633784000034,
        "avg_time_taken": 0.005461463378400004,
        "total_prompt_tok": 385369,
        "total_output_tok": 639931
    },
    "256": {
        "time_taken": 194.72724241799915,
        "avg_time_taken": 0.019472724241799914,
        "total_prompt_tok": 385369,
        "total_output_tok": 2554679
    },
    "1024": {
        "time_taken": 883.0164183360012,
        "avg_time_taken": 0.08830164183360012,
        "total_prompt_tok": 385369,
        "total_output_tok": 9781584
    }
}
