{
    "256": {
        "time_taken": 498.13981633400545,
        "avg_time_taken": 0.04981398163340055,
        "total_prompt_tok": 385369,
        "total_output_tok": 2556587
    },
    "1024": {
        "time_taken": 2049.344355200883,
        "avg_time_taken": 0.2049344355200883,
        "total_prompt_tok": 385369,
        "total_output_tok": 9834336
    }
}