{
    "256": {
        "time_taken": 472.2370518120006,
        "avg_time_taken": 0.04722370518120006,
        "total_prompt_tok": 385369,
        "total_output_tok": 2555645
    },
    "1024": {
        "time_taken": 2079.8079791818745,
        "avg_time_taken": 0.20798079791818747,
        "total_prompt_tok": 385369,
        "total_output_tok": 9835981
    }
}