{
    "256": {
        "time_taken": 256.34674172199993,
        "avg_time_taken": 0.025634674172199994,
        "total_prompt_tok": 385369,
        "total_output_tok": 2555591
    },
    "1024": {
        "time_taken": 968.3655925180001,
        "avg_time_taken": 0.09683655925180001,
        "total_prompt_tok": 385369,
        "total_output_tok": 9770316
    }
}